-- phpMyAdmin SQL Dump
-- version 5.1.0
-- https://www.phpmyadmin.net/
--
-- Хост: 127.0.0.1:3306
-- Время создания: Июн 09 2022 г., 11:33
-- Версия сервера: 8.0.24
-- Версия PHP: 7.1.33

SET SQL_MODE = "NO_AUTO_VALUE_ON_ZERO";
START TRANSACTION;
SET time_zone = "+00:00";


/*!40101 SET @OLD_CHARACTER_SET_CLIENT=@@CHARACTER_SET_CLIENT */;
/*!40101 SET @OLD_CHARACTER_SET_RESULTS=@@CHARACTER_SET_RESULTS */;
/*!40101 SET @OLD_COLLATION_CONNECTION=@@COLLATION_CONNECTION */;
/*!40101 SET NAMES utf8mb4 */;

--
-- База данных: `dbhightower`
--

-- --------------------------------------------------------

--
-- Структура таблицы `announcement`
--

CREATE TABLE `announcement` (
  `ID` int NOT NULL,
  `Title` varchar(100) CHARACTER SET utf8 COLLATE utf8_general_ci NOT NULL,
  `Description` text NOT NULL,
  `Cost` int NOT NULL,
  `Metro` varchar(30) CHARACTER SET utf8 COLLATE utf8_general_ci DEFAULT NULL,
  `transaction` varchar(8) NOT NULL,
  `typeRealty` varchar(12) NOT NULL,
  `address` varchar(255) NOT NULL,
  `foot` tinyint DEFAULT NULL,
  `QuantityRoom` tinyint(1) NOT NULL,
  `Floor` tinyint DEFAULT NULL,
  `square` smallint NOT NULL,
  `totalFloor` tinyint NOT NULL,
  `ceilHeight` tinyint NOT NULL,
  `repair` varchar(14) NOT NULL,
  `IDUser` int NOT NULL
) ENGINE=InnoDB DEFAULT CHARSET=utf8mb3;

--
-- Дамп данных таблицы `announcement`
--

INSERT INTO `announcement` (`ID`, `Title`, `Description`, `Cost`, `Metro`, `transaction`, `typeRealty`, `address`, `foot`, `QuantityRoom`, `Floor`, `square`, `totalFloor`, `ceilHeight`, `repair`, `IDUser`) VALUES
(10, 'Квартира в Новокосино', 'Удобная квартира рядом с метро Новокосино', 12900000, 'Новокосино', ' Продажа', 'Жилая', 'Новокосинская улица, 17к3', 15, 3, 3, 55, 21, 3, 'Евро', 1),
(11, 'Квартира на Щелковская', 'Квартира на Щелковская', 40000, 'Щелковская', ' Аренда', 'Квартира', 'Уральская улица, 6к4', 15, 2, 3, 36, 5, 3, 'Евро', 1),
(12, 'Квартира в Ховрино', 'ry jryjb ydhbyedy6vby 64w u76uery jryjb ydhbyedy6vby 64w u76uery jryjb ydhbyedy6vby 64w u76uery jryjb ydhbyedy6vby 64w u76uery jryjb ydhbyedy6vby 64w u76uery jryjb ydhbyedy6vby 64w u76uery jryjb ydhbyedy6vby 64w u76uery jryjb ydhbyedy6vby 64w u76uery jryjb ydhbyedy6vby 64w u76uery jryjb ydhbyedy6vby 64w u76uery jryjb ydhbyedy6vby 64w u76ue', 12300000, 'Ховрино', ' Продажа', 'Новостройка', 'улица Дыбенко, 36к3', 5, 2, 21, 31, 21, 3, 'Косметический', 1),
(13, 'Продаю квартиру в Москве', 'Продаю квартиру в МосквеПродаю квартиру в МосквеПродаю квартиру в МосквеПродаю квартиру в МосквеПродаю квартиру в МосквеПродаю квартиру в МосквеПродаю квартиру в МосквеПродаю квартиру в Москве', 12000000, 'Стахановская', ' Продажа', 'Жилая', 'улица Михайлова, 25', 15, 3, 3, 80, 33, 3, 'Евро', 1),
(14, 'квартира на соколе', 'квартира на соколеквартира на соколеквартира на соколеквартира на соколеквартира на соколеквартира на соколеквартира на соколеквартира на соколеквартира на соколеквартира на соколеквартира на соколеквартира на соколе', 12078063, 'Сокол', ' Продажа', 'Жилая', 'улица Усиевича, 31Ас3', 5, 3, 4, 90, 5, 3, 'Евро', 1),
(15, '3х комнатная квартира на площадь ильича', '3х комнатная квартира на площадь ильича3х комнатная квартира на площадь ильича3х комнатная квартира на площадь ильича3х комнатная квартира на площадь ильича3х комнатная квартира на площадь ильича3х комнатная квартира на площадь ильича3х комнатная квартира на площадь ильича3х комнатная квартира на площадь ильича', 30000000, 'Площадь Иьича', ' Продажа', 'Жилая', 'шоссе Энтузиастов, 3Ак1', 20, 3, 20, 100, 21, 3, 'Косметический', 2),
(16, 'Квартира 1 комнатная', 'Квартира 1 комнатнаяКвартира 1 комнатнаяКвартира 1 комнатнаяКвартира 1 комнатнаяКвартира 1 комнатнаяКвартира 1 комнатнаяКвартира 1 комнатнаяКвартира 1 комнатная', 10000000, 'Площадь Ильича', ' Продажа', 'Жилая', 'шоссе Энтузиастов, 3Ак1', 13, 1, 1, 30, 20, 3, 'Евро', 2),
(17, 'квартира', 'квартираквартираквартираквартираквартираквартираквартираквартираквартираквартира', 130000, 'Площадь Ильича', ' Аренда', 'Жилая', 'улица Золоторожский Вал, 11с26', 10, 1, 3, 45, 33, 3, 'Требуется', 2),
(18, 'ЖК квартал Искренность', 'квартал Искренностьквартал Искренностьквартал Искренностьквартал Искренностьквартал Искренностьквартал Искренностьквартал Искренностьквартал Искренностьквартал Искренностьквартал Искренностьквартал Искренностьквартал Искренность', 30000000, 'Площадь Ильича', ' Продажа', 'Новостройка', 'шоссе Энтузиастов, 1к2', 10, 3, 4, 60, 24, 3, 'Евро', 2),
(19, 'сдаю', 'пфуеп  мещтмы мы', 45000, 'Щелковская', ' Аренда', 'Жилая', '9-я Парковая улица, 61к6', 20, 1, 3, 30, 5, 4, 'Евро', 2),
(20, 'сдам квартиру', 'сдам квартирусдам квартирусдам квартирусдам квартирусдам квартирусдам квартирусдам квартирусдам квартирусдам квартирусдам квартирусдам квартирусдам квартирусдам квартирусдам квартирусдам квартиру', 30000, 'Щелковская', ' Аренда', 'Жилая', '9-я Парковая улица, 61к6', 5, 2, 4, 40, 5, 3, 'Евро', 1),
(21, 'квартира', 'квартиракв артираквартираквартира квартир аквартиракварт иракв артиракварт ираквартираквартира \r\n квартираквартираквар тираквартиракварти раквартираквартир аквартираквартираквартираквартираква ртираквартираквартираквартираквартираквартирак вартираквар тираквартиракварт ираквартираквартираквартира', 50000, 'Щелковская', ' Аренда', 'Жилая', 'Никитинская улица, 16к3', 10, 4, 5, 100, 21, 4, 'Евро', 1),
(22, 'Сдам квартиру на Соколе', 'Сдам квартиру на СоколеСдам квартиру на СоколеСдам квартиру на СоколеСдам квартиру на СоколеСдам квартиру на СоколеСдам квартиру на СоколеСдам квартиру на СоколеСдам квартиру на СоколеСдам квартиру на СоколеСдам квартиру на Соколе', 40000, 'Сокол', ' Аренда', 'Жилая', 'Новопесчаная улица, 7', 20, 3, 7, 78, 11, 3, 'Косметический', 2),
(23, 'сдам квартиру', 'сдам квартирусдам квартирусдам квартирусдам квартирусдам квартиру', 34000, 'Сокол', ' Аренда', 'Жилая', 'Песчаная улица, 10', 30, 1, 1, 38, 9, 4, 'Косметический', 2),
(24, 'сдаю квартиру', 'Песчаная улица, 10', 60000, 'Сокол', ' Аренда', 'Жилая', 'Песчаная улица, 10', 30, 1, 4, 34, 7, 3, 'Евро', 1),
(25, 'жк олимп', 'жк олимпжк олимпжк олимпжк олимпжк олимпжк олимпжк олимпжк олимпжк олимп', 34000, 'Спартак', ' Аренда', 'Жилая', 'Волоколамское шоссе, 75А', 7, 2, 3, 45, 34, 3, 'Косметический', 1),
(41, '3 комнатная квартира', 'продам квартиру', 12000000, 'молодежная', ' Продажа', 'Жилая', 'Россия, Москва, Арбатско-Покровская линия, метро Молодёжная ', 12, 3, 3, 33, 33, 4, 'Косметический', 1),
(45, 'Квартира в новостройке', 'Квартира в новостройке Квартира в новостройке Квартира в новостройке', 20000000, 'Кутузовская', ' Продажа', 'Новостройка', 'Россия, Москва, улица Кульнева ', 4, 3, 6, 78, 39, 4, 'Евро', 1),
(46, 'Новостройка', 'НовостройкаНовостро йкаНовостройкаН овостройкаН овостройкаНовостройкаНов острой каНовостройка Новостройка овостройка ', 25000000, 'Фили', ' Продажа', 'Новостройка', 'Россия, Москва, Багратионовский проезд ', 23, 3, 5, 67, 20, 3, 'Косметический', 1),
(47, 'Квартира  в новостройке', 'Квартира  в новостройк еКвартира  в новостройке', 15000000, 'Крылатское', ' Продажа', 'Новостройка', 'Россия, Москва, Рублёвское шоссе ', 40, 2, 4, 56, 34, 3, 'Косметический', 1),
(48, 'Новостройка', 'НовостройкаНов остройкаН овострой каНово стройка Новостро йкаНово с тройкаНово стройкаНовостройка Новостройка', 20000000, 'Щукинская', ' Продажа', 'Новостройка', 'Россия, Москва, улица Паршина, 10 ', 30, 1, 20, 33, 21, 3, 'Евро', 1),
(49, 'Продам квартиру', 'Продам квартируПро дам квартиру родам квартируП рода м кварт ируПродам квар тируПродам кв артиру ', 15000000, 'Фили', ' Продажа', 'Жилая', 'Россия, Москва, Филёвская линия, метро Фили ', 10, 2, 4, 33, 24, 4, 'Косметический', 1),
(50, 'Продам участок', 'Продам участокП родам участокПрода м участокПро дам участокПро дам участок', 10000000, 'Ликино', ' Продажа', 'Участок', 'Ликино', 50, 3, 2, 100, 3, 3, 'Косметический', 1),
(61, 'Новостройка', 'НовостройкаН овостройкаНово стройкаНовостройка', 15000000, 'Строгино', ' Продажа', 'Новостройка', 'Россия, Москва, метро Строгино ', 12, 0, 3, 3, 21, 3, 'Евро', 5),
(62, 'Сдам квартиру', 'Сдам квартируСдам квартируСдам квартируСдам квартируСдам квартируСдам квартируСдам квартируСдам квартируСдам квартиру', 30000, 'Щукинская', ' Аренда', 'Жилая', 'Россия, Москва, улица Паршина, 10 ', 20, 2, 3, 60, 5, 3, 'Евро', 5),
(63, 'Аренда квартиры', 'Аренда квартир ыАренда квартирыАренда квартирыАренда квартиры', 30000, 'Молодежная', ' Аренда', 'Жилая', 'Россия, Москва, Молодогвардейская улица, 61 ', 30, 1, 4, 40, 9, 3, 'Евро', 5);

-- --------------------------------------------------------

--
-- Структура таблицы `metrolist`
--

CREATE TABLE `metrolist` (
  `ID` int NOT NULL,
  `name` varchar(100) CHARACTER SET utf8 COLLATE utf8_general_ci NOT NULL
) ENGINE=InnoDB DEFAULT CHARSET=utf8mb3;

--
-- Дамп данных таблицы `metrolist`
--

INSERT INTO `metrolist` (`ID`, `name`) VALUES
(1, 'Авиамоторная'),
(2, 'Автозаводская'),
(3, 'Академическая'),
(4, 'Александровский сад'),
(5, 'Алексеевская'),
(6, 'Алтуфьево'),
(7, 'Аннино'),
(8, 'Арбатская'),
(9, 'Аэропорт'),
(10, 'Бабушкинская'),
(11, 'Багратионовская'),
(12, 'Баррикадная'),
(13, 'Бауманская'),
(14, 'Беговая'),
(15, 'Белорусская'),
(16, 'Беляево'),
(17, 'Бибирево'),
(18, 'Библиотека им. Ленина'),
(19, 'Новоясеневская'),
(20, 'Боровицкая'),
(21, 'Ботанический сад'),
(22, 'Братиславская'),
(23, 'Бульвар Адмирала Ушакова'),
(24, 'Бульвар Дмитрия Донского'),
(25, 'Бунинская аллея'),
(26, 'Варшавская'),
(27, 'ВДНХ'),
(28, 'Владыкино'),
(29, 'Водный стадион'),
(30, 'Войковская'),
(31, 'Волгоградский проспект'),
(32, 'Волжская'),
(33, 'Воробьевы горы'),
(34, 'Выхино'),
(35, 'Выставочная'),
(36, 'Динамо'),
(37, 'Дмитровская'),
(38, 'Добрынинская'),
(39, 'Домодедовская'),
(40, 'Дубровка'),
(41, 'Измайловская'),
(42, 'Калужская'),
(43, 'Кантемировская'),
(44, 'Каховская'),
(45, 'Каширская'),
(46, 'Киевская'),
(47, 'Китай-город'),
(48, 'Кожуховская'),
(49, 'Коломенская'),
(50, 'Комсомольская'),
(51, 'Коньково'),
(52, 'Красногвардейская'),
(53, 'Красносельская'),
(54, 'Красные ворота'),
(55, 'Крестьянская застава'),
(56, 'Кропоткинская'),
(57, 'Крылатское'),
(58, 'Кузнецкий мост'),
(59, 'Кузьминки'),
(60, 'Кунцевская'),
(61, 'Курская'),
(62, 'Кутузовская'),
(63, 'Ленинский проспект'),
(64, 'Лубянка'),
(65, 'Люблино'),
(66, 'Марксистская'),
(67, 'Марьино'),
(68, 'Маяковская'),
(69, 'Медведково'),
(70, 'Международная'),
(71, 'Менделеевская'),
(72, 'Молодежная'),
(73, 'Нагатинская'),
(74, 'Нагорная'),
(75, 'Нахимовский проспект'),
(76, 'Новогиреево'),
(77, 'Новокузнецкая'),
(78, 'Новослободская'),
(79, 'Новые Черемушки'),
(80, 'Октябрьская'),
(81, 'Октябрьское поле'),
(82, 'Орехово'),
(83, 'Отрадное'),
(84, 'Охотный ряд'),
(85, 'Павелецкая'),
(86, 'Парк Культуры'),
(87, 'Парк Победы'),
(88, 'Партизанская'),
(89, 'Первомайская'),
(90, 'Перово'),
(91, 'Петровско-Разумовская'),
(92, 'Печатники'),
(93, 'Пионерская'),
(94, 'Планерная'),
(95, 'Площадь Ильича'),
(96, 'Площадь Революции'),
(97, 'Полежаевская'),
(98, 'Полянка'),
(99, 'Пражская'),
(100, 'Преображенская площадь'),
(101, 'Пролетарская'),
(102, 'Проспект Вернадского'),
(103, 'Проспект Мира'),
(104, 'Профсоюзная'),
(105, 'Пушкинская'),
(106, 'Речной вокзал'),
(107, 'Рижская'),
(108, 'Римская'),
(109, 'Рязанский проспект'),
(110, 'Савеловская'),
(111, 'Свиблово'),
(112, 'Севастопольская'),
(113, 'Семеновская'),
(114, 'Серпуховская'),
(115, 'Смоленская'),
(116, 'Сокол'),
(117, 'Сокольники'),
(118, 'Спортивная'),
(119, 'Сретенский бульвар'),
(120, 'Студенческая'),
(121, 'Сухаревская'),
(122, 'Сходненская'),
(123, 'Таганская'),
(124, 'Тверская'),
(125, 'Театральная'),
(126, 'Текстильщики'),
(127, 'Теплый Стан'),
(128, 'Тимирязевская'),
(129, 'Третьяковская'),
(130, 'Трубная'),
(131, 'Тульская'),
(132, 'Тургеневская'),
(133, 'Тушинская'),
(134, 'Улица 1905 года'),
(135, 'Улица Академика Янгеля'),
(136, 'Улица Горчакова'),
(137, 'Бульвар Рокоссовского'),
(138, 'Улица Скобелевская'),
(139, 'Улица Старокачаловская'),
(140, 'Университет'),
(141, 'Филевский парк'),
(142, 'Фили'),
(143, 'Фрунзенская'),
(144, 'Царицыно'),
(145, 'Цветной бульвар'),
(146, 'Черкизовская'),
(147, 'Чертановская'),
(148, 'Чеховская'),
(149, 'Чистые пруды'),
(150, 'Чкаловская'),
(151, 'Шаболовская'),
(152, 'Шоссе Энтузиастов'),
(153, 'Щелковская'),
(154, 'Щукинская'),
(155, 'Электрозаводская'),
(156, 'Юго-Западная'),
(157, 'Южная'),
(158, 'Ясенево'),
(159, 'Краснопресненская'),
(160, 'Строгино'),
(161, 'Славянский бульвар'),
(162, 'Мякинино'),
(163, 'Волоколамская'),
(164, 'Митино'),
(165, 'Марьина роща'),
(166, 'Достоевская'),
(167, 'Шипиловская'),
(168, 'Зябликово'),
(169, 'Борисово'),
(170, 'Новокосино'),
(171, 'Пятницкое шоссе'),
(172, 'Алма-Атинская'),
(173, 'Жулебино'),
(174, 'Лермонтовский проспект'),
(175, 'Деловой центр'),
(176, 'Лесопарковая'),
(177, 'Битцевский парк'),
(178, 'Спартак'),
(179, 'Улица Сергея Эйзенштейна'),
(180, 'Выставочный центр'),
(181, 'Улица Академика Королева'),
(182, 'Телецентр'),
(183, 'Улица Милашенкова'),
(184, 'Тропарево'),
(185, 'Котельники'),
(186, 'Технопарк'),
(187, 'Румянцево'),
(188, 'Саларьево'),
(189, 'Фонвизинская'),
(190, 'Бутырская'),
(191, 'Хорошево'),
(192, 'Зорге'),
(193, 'Панфиловская'),
(194, 'Стрешнево'),
(195, 'Балтийская'),
(196, 'Коптево'),
(197, 'Лихоборы'),
(198, 'Окружная'),
(199, 'Ростокино'),
(200, 'Белокаменная'),
(201, 'Локомотив'),
(202, 'Измайлово'),
(203, 'Соколиная гора'),
(204, 'Андроновка'),
(205, 'Нижегородская'),
(206, 'Новохохловская'),
(207, 'Угрешская'),
(208, 'ЗИЛ'),
(209, 'Верхние котлы'),
(210, 'Крымская'),
(211, 'Площадь Гагарина'),
(212, 'Лужники'),
(213, 'Шелепиха'),
(214, 'Минская'),
(215, 'Ломоносовский проспект'),
(216, 'Раменки'),
(217, 'Ховрино'),
(218, 'Петровский Парк'),
(219, 'Хорошевская'),
(220, 'ЦСКА'),
(221, 'Верхние Лихоборы'),
(222, 'Селигерская'),
(223, 'Мичуринский проспект'),
(224, 'Озерная'),
(225, 'Говорово'),
(226, 'Солнцево'),
(227, 'Боровское шоссе'),
(228, 'Новопеределкино'),
(229, 'Рассказовка'),
(230, 'Беломорская'),
(231, 'Косино'),
(232, 'Улица Дмитриевского'),
(233, 'Лухмановская'),
(234, 'Некрасовка'),
(235, 'Юго-Восточная'),
(236, 'Окская'),
(237, 'Стахановская'),
(238, 'Филатов Луг'),
(239, 'Прокшино'),
(240, 'Ольховая'),
(241, 'Коммунарка'),
(242, 'Лефортово'),
(243, 'Шереметьевская'),
(244, 'Ржевская'),
(245, 'Стромынка'),
(246, 'Рубцовская'),
(247, 'Кленовый бульвар'),
(248, 'Нагатинский Затон'),
(249, 'Зюзино'),
(250, 'Воронцовская'),
(251, 'Новаторская'),
(252, 'Аминьевская'),
(253, 'Давыдково'),
(254, 'Можайская'),
(255, 'Карамышевская'),
(256, 'Мневники'),
(257, 'улица Народного ополчения'),
(258, 'Улица 800-летия Москвы'),
(259, 'Лианозово'),
(260, 'Тестовская'),
(261, 'Рабочий поселок'),
(262, 'Сетунь'),
(263, 'Немчиновка'),
(264, 'Сколково'),
(265, 'Баковка'),
(266, 'Одинцово'),
(267, 'Лобня'),
(268, 'Хлебниково'),
(269, 'Водники'),
(270, 'Долгопрудная'),
(271, 'Новодачная'),
(272, 'Марк'),
(273, 'Бескудниково'),
(274, 'Дегунино'),
(275, 'Нахабино'),
(276, 'Аникеевка'),
(277, 'Опалиха'),
(278, 'Красногорская'),
(279, 'Павшино'),
(280, 'Пенягино'),
(281, 'Трикотажная'),
(282, 'Покровское-Стрешнево'),
(283, 'Красный Балтиец'),
(284, 'Гражданская'),
(285, 'Москва-Товарная'),
(286, 'Калитники'),
(287, 'Кубанская'),
(288, 'Депо'),
(289, 'Перерва'),
(290, 'Москворечье'),
(291, 'Покровское'),
(292, 'Красный Строитель'),
(293, 'Битца'),
(294, 'Щербинка'),
(295, 'Силикатная'),
(296, 'Подольск'),
(297, 'Бутово'),
(298, 'Остафьево'),
(299, 'Курьяново'),
(300, 'Народное ополчение');

-- --------------------------------------------------------

--
-- Структура таблицы `photos`
--

CREATE TABLE `photos` (
  `announcementID` int NOT NULL,
  `photo1` varchar(100) CHARACTER SET utf8 COLLATE utf8_general_ci NOT NULL,
  `photo2` varchar(150) CHARACTER SET utf8 COLLATE utf8_general_ci DEFAULT NULL,
  `photo3` varchar(150) CHARACTER SET utf8 COLLATE utf8_general_ci DEFAULT NULL,
  `photo4` varchar(150) CHARACTER SET utf8 COLLATE utf8_general_ci DEFAULT NULL,
  `photo5` varchar(150) CHARACTER SET utf8 COLLATE utf8_general_ci DEFAULT NULL,
  `photo6` varchar(150) CHARACTER SET utf8 COLLATE utf8_general_ci DEFAULT NULL,
  `photo7` varchar(150) CHARACTER SET utf8 COLLATE utf8_general_ci DEFAULT NULL,
  `photo8` varchar(150) CHARACTER SET utf8 COLLATE utf8_general_ci DEFAULT NULL,
  `photo9` varchar(150) CHARACTER SET utf8 COLLATE utf8_general_ci DEFAULT NULL,
  `photo10` varchar(150) CHARACTER SET utf8 COLLATE utf8_general_ci DEFAULT NULL,
  `photo11` varchar(150) CHARACTER SET utf8 COLLATE utf8_general_ci DEFAULT NULL
) ENGINE=InnoDB DEFAULT CHARSET=utf8mb3;

--
-- Дамп данных таблицы `photos`
--

INSERT INTO `photos` (`announcementID`, `photo1`, `photo2`, `photo3`, `photo4`, `photo5`, `photo6`, `photo7`, `photo8`, `photo9`, `photo10`, `photo11`) VALUES
(18, '1.png', NULL, NULL, NULL, NULL, NULL, NULL, NULL, NULL, NULL, NULL),
(41, '10.png', '1294146969-1.jpg', '1294147010-1.jpg', '1294147054-1.jpg', NULL, NULL, NULL, NULL, NULL, NULL, NULL),
(16, '2.png', '3.png', NULL, NULL, NULL, NULL, NULL, NULL, NULL, NULL, NULL),
(15, '4.png', '5.png', NULL, NULL, NULL, NULL, NULL, NULL, NULL, NULL, NULL),
(14, '6.png', '7.png', NULL, NULL, NULL, NULL, NULL, NULL, NULL, NULL, NULL),
(13, '8.png', '9.png', '1294146969-1.jpg', NULL, NULL, NULL, NULL, NULL, NULL, NULL, NULL),
(12, 'gt.png', '1.png', '1294147062-1.jpg', NULL, NULL, NULL, NULL, NULL, NULL, NULL, NULL),
(10, '1.png', '1.png', NULL, NULL, NULL, NULL, NULL, NULL, NULL, NULL, NULL),
(25, '1.png', '2.png', '3.png', NULL, NULL, NULL, NULL, NULL, NULL, NULL, NULL),
(24, '4.png', '5.png', '6.png', NULL, NULL, NULL, NULL, NULL, NULL, NULL, NULL),
(23, '1294147010-1.jpg', '1294147059-1.jpg', '1294147054-1.jpg', NULL, NULL, NULL, NULL, NULL, NULL, NULL, NULL),
(22, '1294147062-1.jpg', 'gt.png', NULL, NULL, NULL, NULL, NULL, NULL, NULL, NULL, NULL),
(21, '1294147059-1.jpg', '1294147062-1.jpg', NULL, NULL, NULL, NULL, NULL, NULL, NULL, NULL, NULL),
(20, '9.png', '10.png', '1294146969-1.jpg', NULL, NULL, NULL, NULL, NULL, NULL, NULL, NULL),
(19, '9.png', '10.png', '1294146969-1.jpg', NULL, NULL, NULL, NULL, NULL, NULL, NULL, NULL),
(17, '7.png', '8.png', NULL, NULL, NULL, NULL, NULL, NULL, NULL, NULL, NULL),
(11, '1294147062-1.jpg', NULL, NULL, NULL, NULL, NULL, NULL, NULL, NULL, NULL, NULL),
(45, '1172354088-1.jpg', '1172354161-1.jpg', '1172354174-1.jpg', '1172354189-1.jpg', '1185906523-1.jpg', NULL, NULL, NULL, NULL, NULL, NULL),
(46, '1148110058-1.jpg', '1197648517-1.jpg', '1197648611-1.jpg', NULL, NULL, NULL, NULL, NULL, NULL, NULL, NULL),
(47, '1172354174-1.jpg', '1172354189-1.jpg', '1197648611-1.jpg', '1298852578-1.jpg', NULL, NULL, NULL, NULL, NULL, NULL, NULL),
(48, '1291579088-1.jpg', '1291579089-1.jpg', '1291579095-1.jpg', '1291579097-1.jpg', NULL, NULL, NULL, NULL, NULL, NULL, NULL),
(49, '1291579114-1.jpg', '1291579120-1.jpg', '1291579137-1.jpg', '1294146969-1.jpg', '1294147010-1.jpg', NULL, NULL, NULL, NULL, NULL, NULL),
(50, 'uchastok-dmitrovka-layf-1298550445-1.jpg', 'uchastok-dmitrovka-layf-1301842444-1.jpg', NULL, NULL, NULL, NULL, NULL, NULL, NULL, NULL, NULL),
(61, '1148109952-1.jpg', '1148110040-1.jpg', '1172354088-1.jpg', NULL, NULL, NULL, NULL, NULL, NULL, NULL, NULL),
(62, '9.png', '10.png', NULL, NULL, NULL, NULL, NULL, NULL, NULL, NULL, NULL),
(63, '1.png', '2.png', NULL, NULL, NULL, NULL, NULL, NULL, NULL, NULL, NULL);

-- --------------------------------------------------------

--
-- Структура таблицы `users`
--

CREATE TABLE `users` (
  `ID` int NOT NULL,
  `Name` varchar(255) NOT NULL,
  `Mail` varchar(255) NOT NULL,
  `Pass` varchar(255) NOT NULL,
  `NumberPhone` varchar(19) CHARACTER SET utf8 COLLATE utf8_general_ci NOT NULL
) ENGINE=InnoDB DEFAULT CHARSET=utf8mb3;

--
-- Дамп данных таблицы `users`
--

INSERT INTO `users` (`ID`, `Name`, `Mail`, `Pass`, `NumberPhone`) VALUES
(1, 'Александр', 'mor@ya.ru', '$2y$10$SON1WpfwK7FkFz.f23vejeq3FDM5QVdzW1F4x7ucL7EdZRvoydZai', '+7 (960) 343-23-21'),
(2, 'Анастасия', 'nastya@mail.ru', '$2y$10$Qfc5QlKu4CW0N7i6UxFP7.JmYc2WRwJ8sHIgf8A7w8AjVDPjzD2cG', '+7 (903) 432-21-12'),
(3, 'Сергей', 'serj@mail.ru', '$2y$10$WB6dvwu2oF82UuuoTCem5O1L6Ny7M8nnOX7e1M4KzRUVMUxFt25wO', '+7 (903) 112-31-23'),
(4, 'Михаил', 'mih@mail.ru', '$2y$10$nRo8/h1BWkS2BpTYrsDZ0.pQoJfM0N3IqAynt2ac1Hqyi8PXZFkjO', '+7 (905) 987-12-31'),
(5, 'Людмила', 'lud@mail.ru', '$2y$10$d.WCYh35lNfgu45uRfmv2u4ocp9LVp5GcipoeZDA25xoGOn/2ZltW', '+7 (983) 123-12-12');

--
-- Индексы сохранённых таблиц
--

--
-- Индексы таблицы `announcement`
--
ALTER TABLE `announcement`
  ADD PRIMARY KEY (`ID`),
  ADD KEY `IDUser` (`IDUser`);

--
-- Индексы таблицы `metrolist`
--
ALTER TABLE `metrolist`
  ADD PRIMARY KEY (`ID`);

--
-- Индексы таблицы `photos`
--
ALTER TABLE `photos`
  ADD KEY `announcementID` (`announcementID`);

--
-- Индексы таблицы `users`
--
ALTER TABLE `users`
  ADD PRIMARY KEY (`ID`);

--
-- AUTO_INCREMENT для сохранённых таблиц
--

--
-- AUTO_INCREMENT для таблицы `announcement`
--
ALTER TABLE `announcement`
  MODIFY `ID` int NOT NULL AUTO_INCREMENT, AUTO_INCREMENT=64;

--
-- AUTO_INCREMENT для таблицы `metrolist`
--
ALTER TABLE `metrolist`
  MODIFY `ID` int NOT NULL AUTO_INCREMENT, AUTO_INCREMENT=393;

--
-- AUTO_INCREMENT для таблицы `users`
--
ALTER TABLE `users`
  MODIFY `ID` int NOT NULL AUTO_INCREMENT, AUTO_INCREMENT=6;

--
-- Ограничения внешнего ключа сохраненных таблиц
--

--
-- Ограничения внешнего ключа таблицы `announcement`
--
ALTER TABLE `announcement`
  ADD CONSTRAINT `announcement_ibfk_1` FOREIGN KEY (`IDUser`) REFERENCES `users` (`ID`) ON DELETE RESTRICT ON UPDATE RESTRICT;

--
-- Ограничения внешнего ключа таблицы `photos`
--
ALTER TABLE `photos`
  ADD CONSTRAINT `photos_ibfk_1` FOREIGN KEY (`announcementID`) REFERENCES `announcement` (`ID`) ON DELETE RESTRICT ON UPDATE RESTRICT;
COMMIT;

/*!40101 SET CHARACTER_SET_CLIENT=@OLD_CHARACTER_SET_CLIENT */;
/*!40101 SET CHARACTER_SET_RESULTS=@OLD_CHARACTER_SET_RESULTS */;
/*!40101 SET COLLATION_CONNECTION=@OLD_COLLATION_CONNECTION */;
